feature,importance_gain,importance_split
pre14_tick_pct,4785.390853881836,12
pre14_range_pct,3819.783685684204,21
vix_prev_close,1395.4713525772095,16
pre14_spread_cost_est,1294.5370178222656,2
usdidr_prev_close,1270.450626373291,7
pre14_market_cost_est,957.8839721679688,1
ihsg_prev_close,750.6509780883789,3
pre14_close_vs_open9,646.6479072570801,7
ihsg_close_ma20_ratio,615.786003112793,4
ihsg_prev_return,505.80232429504395,7
pre14_pm_close_near_high,488.9504928588867,4
overnight_positive_rate5,403.0769920349121,5
ihsg_ma_200,390.5037956237793,7
nasdaq_prev_return,298.6395034790039,4
usdidr_prev_return,295.97789764404297,2
ihsg_ma_5,276.46715688705444,4
pre14_vwap,266.26890563964844,4
gap_up2_freq_20d,264.26969718933105,5
overnight_positive_rate60,252.19939804077148,6
ihsg_ma_20,236.91280555725098,2
ihsg_ma_100,220.48450469970703,3
pre14_close_to_vwap,172.7976131439209,4
pre14_vol_above_vwap_pct,155.48920249938965,4
ihsg_close_ma5_ratio,154.12100219726562,1
nikkei_prev_return,146.56653785705566,4
ctx_broker_market_share_mean,146.32750129699707,4
yf_daily_prev_close_mean,144.8090057373047,1
pre14_turnover_until14,132.9716911315918,5
pre14_pm_high_close_spread,132.14408493041992,2
pre14_am_volume_to_dailyvol_10d,131.77109909057617,3
gap_up2_followthrough_freq_20d,116.82450294494629,3
pre14_pm_open_to_vwap_am,113.40519905090332,3
yf_daily_close_z_20_sum,99.3025016784668,2
pre14_pm_am_volume_ratio,98.37879943847656,3
gapdown_freq_60d,87.47565937042236,6
overnight_p10_5d,84.93530082702637,2
yf_daily_gap_open_prev_close_mean,76.26799774169922,1
usdidr_5d_return,74.70179748535156,1
yf_daily_close_z_20_mean,71.34425830841064,3
pre14_until14_volume_to_dailyvol_20d,69.1187973022461,2
yf_daily_volume_sum,66.75849914550781,1
pre14_volume_14h_ratio_to_avg_hourly,59.63537788391113,2
tfl_net_buy_velocity_20_mean,55.501999855041504,3
pre14_volume_until14_ratio_20d,54.033199310302734,1
yf_daily_close_ma_20_sum,52.18659973144531,2
pre14_pm_high_vs_close11,51.285400390625,1
gap_up2_freq_60d,51.03869915008545,2
yf_daily_ret_cc_mean,49.333900451660156,2
yf_daily_close_z_60_mean,48.97450065612793,2
pre14_am_turnover_to_dailyturnover_10d,47.72610092163086,1
yf_daily_range_ma_5_mean,44.39999961853027,2
gapdown_freq_20d,43.27479934692383,2
overnight_ret_ma20,41.330501556396484,1
pre14_vwap_trend,40.082200050354004,2
flow_buy_freq_sum,39.67259979248047,1
localfund_netbuy_std20,36.94390106201172,1
yf_daily_high_mean,35.45130157470703,1
yf_daily_close_ma_60_mean,34.37220001220703,1
gap_up2_freq_5d,33.86790084838867,2
pre14_pm_open_is_low,32.339698791503906,1
pre14_until14_volume_to_dailyvol_5d,31.773500442504883,1
yp_flow_churn_ratio,31.003799438476562,1
yf_daily_range_ma_20_mean,30.5487003326416,1
overnight_p10_20d,28.11479949951172,1
yf_daily_close_mean,27.614299774169922,1
vix_5d_avg,25.85949993133545,2
bandar_netbuy_sum,25.660200119018555,1
pre14_pm_low_vs_close11,24.702999114990234,1
flow_net_buy_per_trade_sum,24.087099075317383,1
yf_daily_volume_velocity_20_mean,23.646900177001953,1
yf_daily_close_ma_60_sum,22.616899490356445,1
pre14_am_turnover,20.742900848388672,1
yf_daily_close_z_5_sum,20.548200607299805,1
yf_daily_close_ma_20_mean,19.88089942932129,1
pre14_pm_am_turnover_rate_ratio,18.55590057373047,1
gap_down2_freq_60d,17.431800842285156,1
pre14_until14_turnover_to_dailyturnover_5d,15.847999572753906,1
gap_down2_freq_20d,15.421680450439453,2
gapdown_freq_5d,14.685099601745605,1
flow_churn_ratio_sum,14.49470043182373,1
localfund_netbuy_z20,12.173299789428711,1
cvd_20d_norm,11.684200286865234,1
pre14_until14_turnover_to_dailyturnover_10d,10.976900100708008,1
pre14_am_volume_to_dailyvol_20d,10.674300193786621,1
yf_daily_range_ma_5_sum,8.850890159606934,1
yf_daily_high_sum,8.745759963989258,1
yf_daily_close_z_5_mean,6.698699951171875,1
tfl_net_buy_ma_5_sum,5.1569600105285645,1
seller_broker_count,3.5125999450683594,1
flow_total_net_buy_mean,0.0,0
flow_total_net_buy_sum,0.0,0
xl_buy_freq_ma20,0.0,0
pre14_pm_volume,0.0,0
pre14_am_volume,0.0,0
flow_sell_freq_sum,0.0,0
flow_sell_freq_mean,0.0,0
flow_gross_turnover_mean,0.0,0
flow_gross_turnover_sum,0.0,0
yf_daily_ret_oc_sum,0.0,0
yf_daily_prev_close_sum,0.0,0
yf_daily_volume_mean,0.0,0
tfl_net_buy_velocity_5_mean,0.0,0
tfl_net_buy_velocity_5_sum,0.0,0
tfl_net_buy_z_5_mean,0.0,0
tfl_net_buy_z_5_sum,0.0,0
tfl_net_buy_ma_5_mean,0.0,0
ctx_broker_net_buy_rank_mean,0.0,0
ctx_broker_net_buy_rank_sum,0.0,0
ctx_ticker_market_share_mean,0.0,0
ctx_ticker_market_share_sum,0.0,0
ctx_broker_ticker_specificity_mean,0.0,0
yf_daily_turnover_sum,0.0,0
yf_daily_turnover_mean,0.0,0
yf_daily_range_pct_sum,0.0,0
yf_daily_close_ma_5_mean,0.0,0
yf_daily_close_ma_5_sum,0.0,0
yf_daily_ret_cc_sum,0.0,0
yf_daily_gap_open_prev_close_sum,0.0,0
yf_daily_volume_velocity_5_sum,0.0,0
yf_daily_close_z_60_sum,0.0,0
yf_daily_volume_ma_5_sum,0.0,0
yf_daily_volume_ma_5_mean,0.0,0
yf_daily_volume_ma_20_mean,0.0,0
yf_daily_volume_ma_20_sum,0.0,0
yf_daily_volume_velocity_5_mean,0.0,0
yf_daily_volume_velocity_20_sum,0.0,0
yf_daily_volume_ma_60_mean,0.0,0
yf_daily_volume_ma_60_sum,0.0,0
yf_daily_range_pct_mean,0.0,0
yf_daily_ret_oc_mean,0.0,0
yf_daily_volume_velocity_60_sum,0.0,0
yf_daily_volume_velocity_60_mean,0.0,0
yf_daily_range_z_5_mean,0.0,0
yf_daily_range_z_5_sum,0.0,0
yf_daily_range_z_20_sum,0.0,0
yf_daily_range_z_20_mean,0.0,0
yf_daily_range_ma_60_sum,0.0,0
yf_daily_range_ma_20_sum,0.0,0
yf_daily_range_ma_60_mean,0.0,0
flow_abs_net_buy_sum,0.0,0
flow_net_flow_ratio_sum,0.0,0
flow_net_flow_ratio_mean,0.0,0
flow_total_trades_mean,0.0,0
flow_total_trades_sum,0.0,0
flow_net_buy_per_trade_mean,0.0,0
flow_buy_freq_mean,0.0,0
flow_churn_ratio_mean,0.0,0
ctx_broker_ticker_specificity_sum,0.0,0
ctx_broker_market_share_sum,0.0,0
gap_up2_followthrough_freq_60d,0.0,0
overnight_worst_60d,0.0,0
overnight_worst_20d,0.0,0
overnight_worst_5d,0.0,0
overnight_p10_60d,0.0,0
pre14_pm_drive,0.0,0
pre14_close_above_vwap,0.0,0
pre14_volume_until14,0.0,0
pre14_pm_open_vs_close11,0.0,0
gap_up2_followthrough_freq_5d,0.0,0
pre14_ret_14h,0.0,0
pre14_ret_11_to_14,0.0,0
gap_up2_down2_edge_60d,0.0,0
sq_flow_churn_ratio,0.0,0
sq_flow_net_flow_ratio,0.0,0
sq_tfl_net_buy_velocity_20,0.0,0
sq_tfl_net_buy_z_20,0.0,0
sq_flow_total_net_buy,0.0,0
xc_present,0.0,0
xc_flow_churn_ratio,0.0,0
xc_flow_net_flow_ratio,0.0,0
xc_tfl_net_buy_velocity_20,0.0,0
xc_tfl_net_buy_z_20,0.0,0
xc_flow_total_net_buy,0.0,0
mg_present,0.0,0
mg_flow_churn_ratio,0.0,0
mg_flow_net_flow_ratio,0.0,0
mg_tfl_net_buy_velocity_20,0.0,0
mg_tfl_net_buy_z_20,0.0,0
mg_flow_total_net_buy,0.0,0
seller_ratio,0.0,0
buyer_ratio,0.0,0
buyer_broker_count,0.0,0
yf_daily_range_z_60_mean,0.0,0
broker_count,0.0,0
yf_daily_range_z_60_sum,0.0,0
localfund_abs_netbuy_sum,0.0,0
localfund_netbuy_mean,0.0,0
pd_tfl_net_buy_z_20,0.0,0
yp_tfl_net_buy_z_20,0.0,0
sq_present,0.0,0
yp_tfl_net_buy_velocity_20,0.0,0
yp_flow_net_flow_ratio,0.0,0
yp_present,0.0,0
yp_flow_total_net_buy,0.0,0
bandar_buy_freq_sum,0.0,0
bandar_seller_broker_count,0.0,0
bandar_buyer_broker_count,0.0,0
bandar_broker_count,0.0,0
bandar_abs_netbuy_sum,0.0,0
bandar_netbuy_mean,0.0,0
localfund_top3_share,0.0,0
bandar_buy_freq_mean,0.0,0
localfund_streak_buy_days,0.0,0
localfund_consensus_strength,0.0,0
localfund_netbuy_ma20,0.0,0
bandar_concentration_hhi,0.0,0
localfund_participation_ratio,0.0,0
localfund_buyer_ratio,0.0,0
bandar_top1_share,0.0,0
bandar_top3_share,0.0,0
localfund_buy_freq_z30,0.0,0
localfund_buy_freq_std30,0.0,0
localfund_buyer_broker_count,0.0,0
localfund_broker_count,0.0,0
localfund_buy_freq_sum,0.0,0
localfund_buy_freq_mean,0.0,0
localfund_concentration_hhi,0.0,0
localfund_seller_broker_count,0.0,0
localfund_top1_share,0.0,0
pd_tfl_net_buy_velocity_20,0.0,0
pd_flow_net_flow_ratio,0.0,0
pd_flow_churn_ratio,0.0,0
pd_present,0.0,0
total_retail_net_buy,0.0,0
localfund_netbuy_sum,0.0,0
pd_flow_total_net_buy,0.0,0
gapdown_severe_freq_20d,0.0,0
gapdown_severe_freq_5d,0.0,0
overnight_ret_ma60,0.0,0
overnight_positive_rate20,0.0,0
overnight_ret_ma5,0.0,0
cvd_5d_norm,0.0,0
cvd_20d,0.0,0
cvd_10d_norm,0.0,0
cvd_5d,0.0,0
localfund_buy_freq_ratio_to_ma30,0.0,0
cvd_10d,0.0,0
localfund_netbuy_3d_sum,0.0,0
localfund_netbuy_7d_sum,0.0,0
localfund_buy_freq_ma30,0.0,0
pre14_pm_turnover,0.0,0
gap_down2_freq_5d,0.0,0
tfl_net_buy_velocity_60_sum,0.0,0
tfl_net_buy_velocity_60_mean,0.0,0
tfl_net_flow_ratio_ma_5_mean,0.0,0
tfl_net_flow_ratio_ma_5_sum,0.0,0
tfl_net_flow_ratio_ma_20_mean,0.0,0
tfl_net_flow_ratio_ma_60_sum,0.0,0
tfl_net_flow_ratio_ma_60_mean,0.0,0
gapdown_severe_freq_60d,0.0,0
tfl_net_buy_z_20_sum,0.0,0
tfl_net_buy_z_20_mean,0.0,0
tfl_net_buy_velocity_20_sum,0.0,0
tfl_net_buy_ma_60_sum,0.0,0
tfl_net_buy_ma_60_mean,0.0,0
tfl_net_buy_z_60_sum,0.0,0
tfl_net_buy_z_60_mean,0.0,0
xl_freq_surge,0.0,0
yf_daily_open_mean,0.0,0
yf_daily_open_sum,0.0,0
tfl_churn_ratio_ma_60_mean,0.0,0
tfl_churn_ratio_ma_60_sum,0.0,0
tfl_churn_ratio_ma_20_sum,0.0,0
tfl_churn_ratio_ma_20_mean,0.0,0
tfl_churn_ratio_ma_5_mean,0.0,0
tfl_churn_ratio_ma_5_sum,0.0,0
tfl_net_flow_ratio_ma_20_sum,0.0,0
pre14_pm_am_turnover_ratio,0.0,0
pre14_volume_14h,0.0,0
gap_up2_down2_edge_20d,0.0,0
yf_daily_close_sum,0.0,0
gap_up2_down2_edge_5d,0.0,0
yf_daily_low_mean,0.0,0
yf_daily_low_sum,0.0,0
pre14_am_turnover_to_dailyturnover_5d,0.0,0
pre14_until14_volume_to_dailyvol_10d,0.0,0
flow_abs_net_buy_mean,0.0,0
pre14_am_volume_to_dailyvol_5d,0.0,0
pre14_pm_am_volume_rate_ratio,0.0,0
pre14_am_turnover_to_dailyturnover_20d,0.0,0
pre14_turnover_until14_ratio_20d,0.0,0
pre14_until14_turnover_to_dailyturnover_20d,0.0,0
pre14_tick_size,0.0,0
pre14_am_open_low_dist,0.0,0
pre14_pm_open_low_dist,0.0,0
pre14_am_open_is_low,0.0,0
xl_buy_freq_ma5,0.0,0
xl_sell_freq_ma5,0.0,0
tfl_net_buy_ma_20_sum,0.0,0
tfl_net_buy_ma_20_mean,0.0,0
